Data,Otwarcie,Najwyzszy,Najnizszy,Zamkniecie,Wolumen
2019-04-08,277.6905,281.16,270.4395,273.1995,10410436
2019-04-09,271.65,274.9995,269.61,272.31,5904031
2019-04-10,276.7395,278.3805,272.895,276.06,7061314
2019-04-11,268.3005,270.4995,265.6005,268.4205,9835927
2019-04-12,270.2205,271.95,266.8305,267.7005,6745974
2019-04-15,268.6305,268.8795,258.63,266.3805,10038579
2019-04-16,265.7505,274.9995,264.72,273.36,7272930
2019-04-17,274.7505,274.7895,268.5345,271.23,5126468
2019-04-18,271.23,274.8405,269.7495,273.2595,5876325
2019-04-22,268.9995,269.6805,262.4805,262.7505,12147141
2019-04-23,260.1495,265.6005,255.75,263.8995,10943859
2019-04-24,263.85,265.32,258,258.66,10727454
2019-04-25,255,259.0005,246.0705,247.5705,21849393
2019-04-26,246.4995,246.6795,231.1305,235.14,22360709
2019-04-29,235.86,243.9795,232.17,241.47,16714476
2019-04-30,242.0595,244.2105,237,238.6905,9464628
2019-05-01,238.8495,240,231.4995,234.0105,10704354
2019-05-02,245.52,247.1295,237.72,244.0995,18159339
2019-05-03,243.8595,256.6095,243.4905,255.03,23706771
2019-05-06,250.02,258.3495,248.5005,255.3405,10833943
2019-05-07,256.8,257.2095,245.1,247.0605,10131408
2019-05-08,246.9405,250.6005,244.2,244.8405,6176440
2019-05-09,241.9995,243.6795,236.9445,241.98,6711382
2019-05-10,239.7495,241.9905,236.0205,239.52,7008336
2019-05-13,232.0095,232.47,224.5005,227.01,10834796
2019-05-14,229.3005,234.4995,228,232.3095,7252412
2019-05-15,229.32,232.44,225.2505,231.9495,7295976
2019-05-16,229.4895,231,226.5,228.33,7483273
2019-05-17,221.9595,222.24,208.92,211.0305,17786666
2019-05-20,202.8,205.9995,195.2505,205.3605,20526195
2019-05-21,197.76,207.4005,196.0395,205.08,18003899
2019-05-22,199.0995,203.94,191.7795,192.7305,18685187
2019-05-23,194.34,199.4655,186.2205,195.4905,26547142
2019-05-24,199.83,199.98,188.7495,190.6305,14136572
2019-05-28,191.2005,195,187.8495,188.7,10312901
2019-05-29,187.0995,192.39,185.04,189.8595,11968638
2019-05-30,188.7495,192.255,187.02,188.22,7926475
2019-05-31,185.1,189.9195,184.0995,185.16,10406732
2019-06-03,185.5095,186.6795,176.9895,178.9695,13064410
2019-06-04,181.0995,193.98,179.61,193.6005,13807522
2019-06-05,198.6795,201.2805,191.85,196.59,13510756
2019-06-06,204.4395,211.0005,201.7995,205.95,20242151
2019-06-07,205.0005,210.8445,203.5005,204.4995,16003527
2019-06-10,210.2505,216.9405,209.01,212.88,10585039
2019-06-11,219.1455,220.9005,213.4995,217.0995,11653537
2019-06-12,222.9495,223.38,208.9995,209.2605,15197544
2019-06-13,210.3795,214.9005,207.51,213.9105,8168260
2019-06-14,211.2495,216.6495,210.4005,214.92,7433402
2019-06-17,215.4795,226.9995,214.2705,225.03,12316803
2019-06-18,228.72,234.7395,222.5595,224.7405,12715788
2019-06-19,225.1095,227.7705,221.0595,226.4295,6575135
2019-06-20,223.0005,226.9005,216.3495,219.6195,11863462
2019-06-21,216.2205,222.18,215.5005,221.8605,8202078
2019-06-24,223.2405,225.8595,221.0205,223.6395,5750771
2019-06-25,224.3895,225.3405,219.4905,219.7605,6182071
2019-06-26,220.3095,227.2305,218.1,219.27,8507208
2019-06-27,219.45,222.9,217.35,222.84,6339710
2019-06-28,220.9905,225.1695,220.8,223.4595,6851384
2019-07-01,230.2095,233.1,226.2795,227.1705,8237964
2019-07-02,228.8895,229.1505,222.2205,224.55,9259027
2019-07-03,239.3895,241.5705,234.51,234.9,14201148
2019-07-05,234.57,235.4505,230.8005,233.1,7065738
2019-07-08,231.24,232.2495,228.66,230.34,5880542
2019-07-09,228.9705,231,227.28,230.0595,6190835
2019-07-10,234.15,238.9395,233.1405,238.92,9145736
2019-07-11,238.14,241.5,235.8,238.6005,7514430
2019-07-12,239.7495,245.3805,239.7105,245.0805,9200521
2019-07-15,247.9995,254.4195,244.86,253.5,11000092
2019-07-16,249.3,253.53,247.935,252.3795,8148989
2019-07-17,255.6705,258.3105,253.35,254.8605,9764727
2019-07-18,253.5405,255.75,251.8845,253.5405,4764483
2019-07-19,255.69,259.9605,254.6205,258.18,7048410
2019-07-22,258.75,262.155,254.19,255.6795,6846273
2019-07-23,256.71,260.4795,254.5005,260.1705,5023121
2019-07-24,259.17,266.07,258.1605,264.8805,11072835
2019-07-25,233.5005,234.4995,225.5505,228.8205,22418252
2019-07-26,226.92,230.2605,222.2505,228.0405,10027697
2019-07-29,227.0895,235.9395,226.035,235.77,9273331
2019-07-30,232.9005,243.36,232.1805,242.2605,8109014
2019-07-31,243,246.6795,236.6505,241.6095,9178208
2019-08-01,242.6505,244.5105,231.7695,233.85,8259516
2019-08-02,231.3495,236.2695,229.23,234.3405,6136481
2019-08-05,229.6005,231.3645,225.7755,228.3195,7028279
2019-08-06,231.8805,232.5,225.75,230.7495,5564200
2019-08-07,226.5,233.5695,225.7995,233.4195,4776500
2019-08-08,234.45,239.8005,232.65,238.3005,5274349
2019-08-09,236.055,238.9605,233.8095,235.0095,3898244
2019-08-12,232.9905,235.77,228.75,229.0095,4663937
2019-08-13,228.81,235.9995,227.55,235.0005,4868998
2019-08-14,231.21,231.4995,216.69,219.6195,9562591
2019-08-15,220.86,221.5605,211.5495,215.64,8231952
2019-08-16,216.66,222.24,216.0195,219.9405,5207376
2019-08-19,224.2095,227.8305,221.7,226.83,5311748
2019-08-20,227.6205,229.0905,224.5395,225.8595,4170527
2019-08-21,222.0105,223.2195,217.6005,220.83,7799744
2019-08-22,222.7995,225.4005,218.22,222.15,6564964
2019-08-23,219.9705,221.1705,211.0005,211.3995,8559704
2019-08-26,213.6,215.0205,211.5405,214.9995,5054414
2019-08-27,215.7405,218.8005,212.0295,214.08,5420727
2019-08-28,213.69,217.2495,212.31,215.5905,3238625
2019-08-29,219,223.3995,217.9995,221.7105,5183104
2019-08-30,229.1505,232.44,224.2155,225.6105,9327775
2019-09-03,224.0805,228.9495,223.1595,225.0105,5360546
2019-09-04,226.89,228.4605,219.2055,220.68,5768696
2019-09-05,222.4995,229.8,220.8495,229.5795,7403322
2019-09-06,227.2005,229.6395,225.1695,227.4495,4189372
2019-09-09,229.6605,233.76,229.23,231.7905,4802669
2019-09-10,230.8005,235.5405,228.9405,235.5405,4883714
2019-09-11,237.3795,248.175,235.9995,247.0995,10042777
2019-09-12,247.6995,253.5,244.3995,245.8695,8581210
2019-09-13,246.96,248.4495,244.8645,245.2005,5313145
2019-09-16,246,247.4295,241.17,242.8095,4728096
2019-09-17,242.4705,245.5995,240.3705,244.7895,3946909
2019-09-18,244.9995,248.1705,242.37,243.4905,4228103
2019-09-19,246,247.9395,244.8405,246.6,4883135
2019-09-20,246.4905,246.945,238.1595,240.6195,6506264
2019-09-23,240,245.1795,239.22,241.23,4391630
2019-09-24,241.5195,241.9905,222.6105,223.2105,12941112
2019-09-25,224.5605,228.9795,218.3595,228.7005,9444286
2019-09-26,230.6595,243.3105,227.4,242.5605,12078785
2019-09-27,242.2005,248.7105,238.7295,242.13,11123179
2019-09-30,243,243.9795,236.1105,240.87,5946161
2019-10-01,241.5,245.9505,239.13,244.6905,6196290
2019-10-02,243.2895,244.65,239.43,243.1305,6256548
2019-10-03,231.8595,234.48,224.28,233.0295,15137763
2019-10-04,231.6105,234.78,228.0705,231.4305,8021180
2019-10-07,229.8,238.56,228.5505,237.72,8086957
2019-10-08,235.8705,243.9405,234.4995,240.0495,8702338
2019-10-09,241.32,247.2945,240.6495,244.53,6935033
2019-10-10,245.28,249.2805,241.5795,244.74,6313417
2019-10-11,247.1505,251.0805,246.81,247.89,8488159
2019-10-14,247.9005,258.5505,247.1295,256.9605,10226863
2019-10-15,257.7,259.9995,254.1195,257.8905,6479456
2019-10-16,257.3895,262.0995,256.92,259.7505,6704303
2019-10-17,262.5,264.78,260.1705,261.9705,4779043
2019-10-18,260.7,262.8,255.1005,256.95,5753666
2019-10-21,258.33,259.5,250.1805,253.5,5108101
2019-10-22,254.34,258.33,250.8495,255.5805,4625095
2019-10-23,254.5005,256.14,251.3505,254.6805,11216182
2019-10-24,298.3695,304.9305,289.2,299.6805,29819231
2019-10-25,297.72,330,296.1105,328.1295,30006091
2019-10-28,327.54,340.8405,322.6005,327.7095,18870286
2019-10-29,319.9905,324.3,314.7495,316.2195,12684267
2019-10-30,313.0005,318.7905,309.9705,315.0105,9641810
2019-10-31,313.0995,319.0005,313.0005,314.9205,5066956
2019-11-01,316.32,316.4805,309.7995,313.3095,6383929
2019-11-04,314.8005,321.9405,309.2595,317.4705,8787040
2019-11-05,319.62,323.5095,316.1205,317.22,6943417
2019-11-06,318,326.7195,314.5005,326.58,7940932
2019-11-07,329.1405,341.5005,328.02,335.5395,14467348
2019-11-08,334.5,337.4595,332.5005,337.14,6074221
2019-11-11,343.95,349.1895,342,345.09,9993689
2019-11-12,346.9005,350.37,344.04,349.9305,7359383
2019-11-13,355.0005,356.3295,345.18,346.11,8467863
2019-11-14,346.11,353.8395,342.9105,349.35,6471703
2019-11-15,350.64,352.8,348.36,352.17,4812563
2019-11-18,352.9155,353.1495,346.0995,349.9905,4408505
2019-11-19,351.75,359.9895,347.8005,359.52,7736078
2019-11-20,360,361.2,349.5705,352.2195,6733965
2019-11-21,354.51,360.84,354.0045,354.8295,6110013
2019-11-22,340.1595,340.9995,330,333.0405,16870642
2019-11-25,344.3205,344.5695,334.4595,336.3405,12345765
2019-11-26,335.2695,335.5005,327.1005,328.92,7956239
2019-11-27,331.1205,333.93,328.5705,331.05,5552808
2019-11-29,331.11,331.26,327.4995,329.94,2465629
2019-12-02,329.4,336.3855,328.6845,334.8705,6081986
2019-12-03,332.6205,337.9095,332.1855,336.1995,6613476
2019-12-04,337.7505,337.86,332.85,333.03,5536255
2019-12-05,332.8305,334.425,327.2505,330.3705,3736976
2019-12-06,334.9995,338.8605,334.77,335.8905,7618937
2019-12-09,336.5895,344.4495,335.0805,339.5295,9040217
2019-12-10,339.96,350.73,339.3105,348.84,8839951
2019-12-11,351.8745,357.1905,351.09,352.6995,6919162
2019-12-12,354.9195,362.7405,353.2305,359.6805,7776211
2019-12-13,361.05,365.2095,354.6405,358.3905,6574281
2019-12-16,362.55,383.61,362.5005,381.4995,18220940
2019-12-17,378.99,385.5,375.9,378.99,8503775
2019-12-18,380.6295,395.22,380.58,393.15,14136392
2019-12-19,397.32,406.8495,396.4995,404.04,18120307
2019-12-20,410.2905,412.9995,400.185,405.5895,14785206
2019-12-23,411.78,422.01,409.9995,419.22,13332821
2019-12-24,418.3605,425.4705,412.6905,425.25,8054720
2019-12-26,427.9095,433.4805,426.3495,430.9395,10648289
2019-12-27,435,435.3105,426.1095,430.38,9956827
2019-12-30,428.79,429,409.26,414.7005,12601265
2019-12-31,405,421.29,402.0795,418.3305,10292456
2020-01-02,424.5,430.695,421.71,430.26,9558386
2020-01-03,440.5005,454.0005,436.92,443.01,17794697
2020-01-06,440.4705,451.56,439.9995,451.5405,10157499
2020-01-07,461.4,471.63,453.3555,469.0605,18209138
2020-01-08,473.7,498.4995,468.2295,492.1395,31199393
2020-01-09,497.1,498.7995,472.8705,481.3395,28463186
2020-01-10,481.7895,484.9395,473.7,478.1505,12976832
2020-01-13,493.5,525.6495,492,524.85,26634547
2020-01-14,544.2495,547.3995,524.8995,537.9,29061377
2020-01-15,529.7505,537.8505,516.7995,518.5005,17368831
2020-01-16,493.7505,514.4505,492.1695,513.4995,21736653
2020-01-17,507.6,515.6505,503.1495,510.4995,13629073
2020-01-21,530.25,548.5995,528.4005,547.2,17803471
2020-01-22,571.9005,594.4995,559.0995,569.55,31369028
2020-01-23,564.2505,582,555.6,572.2005,19651042
2020-01-24,570.6495,573.8505,554.25,564.7995,14353600
2020-01-27,541.9995,564.45,539.2995,558,13608068
2020-01-28,568.5,576.7995,558.1005,566.8995,11788493
2020-01-29,575.7,589.8,567.45,580.9995,18216672
2020-01-30,632.4,650.8995,618,640.8,29005676
2020-01-31,640.0005,652.9995,632.5005,650.55,15719266
2020-02-03,673.6995,786.15,673.5,780,47233495
2020-02-04,882.9495,969,833.8995,887.0505,60938758
2020-02-05,823.2495,846,704.1,734.7,48423837
2020-02-06,699.9,795.8505,687,748.95,39880752
2020-02-07,730.5495,769.7505,730.0005,748.05,17063521
2020-02-10,799.9995,820.0005,752.4,771.3,24689163
2020-02-11,768.7995,783.4995,757.9995,774.4005,11697473
2020-02-12,777.8505,789.75,763.35,767.2995,12022470
2020-02-13,741.8505,817.9995,735,804,26289348
2020-02-14,787.2,812.9505,785.5005,800.0505,15693711
2020-02-18,841.6005,859.9995,832.35,858.4005,16698369
2020-02-19,923.5005,944.8005,901.0005,917.4,25422958
2020-02-20,911.9505,912,859.95,899.4,17634893
2020-02-21,907.0005,913.05,880.4505,901.0005,14339446
2020-02-24,838.9995,863.5005,822.1995,833.8005,15192163
2020-02-25,849,856.6005,787.0005,799.9005,17290481
2020-02-26,782.5005,813.3,776.1,778.8,14153843
2020-02-27,730.0005,739.7505,669,679.0005,24277160
2020-02-28,629.7,690.4995,611.5005,667.9995,24564171
2020-03-02,711.2505,743.7,686.6505,743.5995,20194991
2020-03-03,805.0005,807,716.1,745.5,25784003
2020-03-04,763.95,766.5,724.7505,749.5005,15048977
2020-03-05,723.75,745.7505,718.05,724.5495,10852657
2020-03-06,690,706.9995,684.2505,703.5,12662918
2020-03-09,605.4,663,604.9995,607.9995,17073740
2020-03-10,659.4495,667.9995,607.9995,645.3495,15594443
2020-03-11,640.2,653.5995,613.0005,634.2495,13413587
2020-03-12,580.9005,594.4995,546.2505,560.55,18909052
2020-03-13,595.0005,607.5495,502.0005,546.6,22640254
2020-03-16,469.5,494.8695,442.17,445.0695,20489464
2020-03-17,440.01,471.8505,396,430.2,23994580
2020-03-18,388.9995,404.8605,350.5095,361.2195,23786162
2020-03-19,374.6955,451.9995,358.4595,427.6395,30195460
2020-03-20,438.1995,477,425.79,427.53,28285502
2020-03-23,433.6005,442.0005,410.5005,434.2905,16454549
2020-03-24,477.3,513.7005,474,505.0005,22895170
2020-03-25,545.25,556.9995,511.0995,539.25,21222745
2020-03-26,547.3995,559.9995,512.25,528.15,17422082
2020-03-27,505.0005,525.7995,494.0295,514.35,14377408
2020-03-30,510.2505,516.6495,491.2305,502.1505,11998067
2020-03-31,501.2505,542.9505,496.9995,523.9995,17771485
2020-04-01,504,513.9495,475.0995,481.56,13353180
2020-04-02,481.0305,494.2605,446.4,454.47,19858427
2020-04-03,509.5005,515.5005,468.39,480.0105,22562076
2020-04-06,511.2,520.9995,497.9505,516.2505,14901836
2020-04-07,544.9995,565.0005,532.35,545.4495,17919784
2020-04-08,554.2005,557.2005,533.3505,548.85,12656024
2020-04-09,562.0995,575.2005,557.1,573,13650000
2020-04-13,590.1495,652.0005,580.5495,650.9505,22475421
2020-04-14,698.9505,741.9,692.4495,709.9005,30576511
2020-04-15,742.0005,753.15,709.9995,729.8505,23577001
2020-04-16,716.9505,759.45,706.6995,745.2,20657862
2020-04-17,772.3005,774.9495,747.6495,753.9,13128237
2020-04-20,732.7005,765.5505,712.2,746.3505,14746577
2020-04-21,730.0995,753.3495,673.8,686.7,20209093
2020-04-22,703.9995,733.9995,688.6995,732.1005,14224831
2020-04-23,727.6005,733.9995,703.1505,705.6495,13236697
2020-04-24,710.8005,730.7505,698.2005,725.1495,13237612
2020-04-27,737.5995,799.5,735,798.75,20681442
2020-04-28,795.6495,805.0005,756.7005,769.0995,15221964
2020-04-29,790.1505,803.2005,783.15,800.5005,16215982
2020-04-30,855.1995,869.8005,763.5,781.9005,28471854
2020-05-01,754.9995,772.7505,683.0505,701.2995,32531807
2020-05-04,700.9995,762,697.9995,761.2005,19237090
2020-05-05,789.7995,798.9,762.1995,768.1995,16991656
2020-05-06,776.5005,789.7995,761.1,782.5995,11123231
2020-05-07,777.1995,796.3995,772.35,780.0495,11527686
2020-05-08,793.7505,823.9995,787.0005,819.4005,16130087
2020-05-11,790.5,823.9995,784.9995,811.3005,16519601
2020-05-12,826.9995,843.3,808.0005,809.4,15906905
2020-05-13,820.8495,826.0005,763.3005,790.95,19065491
2020-05-14,780,803.3505,763.9995,803.3505,13682188
2020-05-15,790.35,805.05,786.5505,799.1505,10518428
2020-05-18,827.8005,834.7005,803.8995,813.6495,11698102
2020-05-19,815.1495,822.0495,806.1,808.0005,9636522
2020-05-20,820.5,826.0005,811.8,815.55,7309271
2020-05-21,816,832.5,796.0005,827.5995,12254584
2020-05-22,822.15,831.7995,811.9995,816.9,9987475
2020-05-26,834.4995,834.6,815.7,818.85,8089736
2020-05-27,820.8495,827.7,784.9995,820.2495,11549530
2020-05-28,813.4995,824.7495,801.7005,805.8,7275774
2020-05-29,808.7505,835.0005,804.1995,835.0005,11812489
2020-06-01,858,898.9995,854.1,898.0995,15085297
2020-06-02,894.7005,908.6505,871.0005,881.55,13565596
2020-06-03,888.1005,897.9495,880.0995,882.9495,7949469
2020-06-04,889.9005,895.7505,858.45,864.4005,8887713
2020-06-05,877.8495,886.5,866.2005,885.6495,7811917
2020-06-08,919.0005,949.9995,909.15,949.9005,14174727
2020-06-09,940.0005,954.45,923.9505,940.65,11388154
2020-06-10,991.9005,1027.5,982.5,1025.0505,18563413
2020-06-11,990.1995,1018.95,972,972.8505,15916482
2020-06-12,979.9995,988.0005,912.6,935.2995,16763374
2020-06-15,917.8005,998.85,908.5005,990.9,15697178
2020-06-16,1011.8505,1012.9005,962.4,982.1505,14051078
2020-06-17,987.7005,1005,982.5495,991.8,9890800
2020-06-18,1003.0005,1019.2005,994.4505,1003.95,9751936
2020-06-19,1012.8,1015.95,991.35,1000.9005,8679749
2020-06-22,999.9495,1008.9,990,994.3005,6362350
2020-06-23,998.8995,1012.0005,994.0005,1001.8005,6365271
2020-06-24,994.0995,1000.9005,953.1495,960.8505,10959593
2020-06-25,954.2505,985.9995,937.1505,985.9995,9254549
2020-06-26,994.8,994.9995,954.8505,959.7495,8854908
2020-06-29,969,1009.9995,948.4995,1009.35,9026404
2020-06-30,1006.5,1087.6995,1003.7505,1079.8005,16918501
2020-07-01,1083,1135.35,1080.4995,1119.6495,13326896
2020-07-02,1221.4995,1228.0005,1185.6,1208.6505,17250115
2020-07-06,1276.6995,1377.7995,1266.0495,1371.6,20569864
2020-07-07,1405.0005,1429.5,1336.6995,1389.8505,21489661
2020-07-08,1405.0005,1417.2495,1311.3495,1365.9,16311312
2020-07-09,1396.9995,1408.5495,1351.3005,1394.2995,11717598
2020-07-10,1396.0005,1548.9,1375.9995,1544.655,23337553
2020-07-13,1659,1795.005,1471.0995,1497.0495,38985362
2020-07-14,1555.995,1590,1431,1516.8,23418140
2020-07-15,1543.005,1549.995,1456.9995,1546.005,16367829
2020-07-16,1477.1505,1531.695,1465.9995,1500.645,14300785
2020-07-17,1513.455,1537.5,1489.9995,1500.855,9329972
2020-07-20,1519.005,1650,1488,1642.995,17121367
2020-07-21,1639.95,1675.005,1558.005,1568.355,16157280
2020-07-22,1599,1626.405,1561.995,1592.355,14161080
2020-07-23,1678.95,1689,1480.7505,1513.05,24328504
2020-07-24,1416,1465.0005,1366.5495,1417.0005,19396616
2020-07-27,1435.0005,1547.955,1413,1539.6,16048669
2020-07-28,1504.005,1564.695,1474.3995,1476.4995,15808700
2020-07-29,1501.005,1534.8,1486.9995,1499.1,9426893
2020-07-30,1488,1513.245,1471.0005,1487.5005,7621039
2020-07-31,1515,1517.055,1420.9995,1430.7495,12246960
2020-08-03,1449.1995,1509.795,1444.3995,1485,8809346
2020-08-04,1495.0005,1527.405,1462.0005,1486.9995,8414990
2020-08-05,1492.9995,1499.85,1468.3005,1485,4978015
2020-08-06,1490.85,1517.295,1477.2495,1489.6005,5992313
2020-08-07,1499.55,1499.7495,1414.9995,1452.7005,8896420
2020-08-10,1447.9995,1457.5005,1385.85,1418.55,7522264
2020-08-11,1396.0005,1420.0005,1365,1374.4005,8625834
2020-08-12,1470,1585.005,1435.0005,1554.75,21898834
2020-08-13,1611,1651.2,1567.245,1621.005,20425308
2020-08-14,1665,1668.795,1626.645,1650.705,12577614
2020-08-17,1677,1845.855,1672.845,1835.655,20242323
2020-08-18,1899,1923.9,1845.105,1887.105,16474491
2020-08-19,1864.995,1911,1841.205,1878.555,12205331
2020-08-20,1860.705,2022,1857.045,2001.855,20611796
2020-08-21,2044.755,2095.5,2025.045,2050.005,21489559
2020-08-24,2126.295,2128.995,1927.5,2014.2,20063621
2020-08-25,1974.9,2027.955,1968,2023.35,10658893
2020-08-26,2059.995,2166,2053.65,2153.145,14239382
2020-08-27,2180.445,2295.6,2142.495,2238.75,23693043
2020-08-28,2295.105,2318.505,2186.505,2213.4,20081176
2020-08-31,444.609,500.139,440.109,498.321,118374406
2020-09-01,502.14,502.491,470.511,475.05,90119419
2020-09-02,478.989,479.04,405.12,447.369,96176128
2020-09-03,407.229,431.799,402,407.001,87596086
2020-09-04,402.81,428.001,372.021,418.32,110321885
2020-09-08,356.001,368.739,329.88,330.21,115465691
2020-09-09,356.601,369,341.511,366.279,79465769
2020-09-10,386.211,398.991,360.561,371.34,84930608
2020-09-11,381.939,382.5,360.501,372.72,60717459
2020-09-14,380.949,420,373.299,419.619,83020608
2020-09-15,436.56,461.94,430.701,449.76,97298228
2020-09-16,439.869,457.791,435.309,441.759,72546760
2020-09-17,415.599,437.79,408,423.429,76779163
2020-09-18,447.939,450.999,428.799,442.149,86406819
2020-09-21,453.129,455.679,407.07,449.391,109476800
2020-09-22,429.6,437.76,417.6,424.23,79580795
2020-09-23,405.159,412.149,375.879,380.361,95074176
2020-09-24,363.801,399.501,351.3,387.789,96561061
2020-09-25,393.471,408.732,391.299,407.34,67208459
2020-09-28,424.62,428.079,415.551,421.2,49719561
2020-09-29,416.001,428.499,411.6,419.07,50341404
2020-09-30,421.32,433.929,420.471,429.009,48145566
2020-10-01,440.76,448.881,434.421,448.161,50741454
2020-10-02,421.389,439.131,414.999,415.089,71430025
2020-10-05,423.351,433.641,419.331,425.679,44722786
2020-10-06,423.789,428.781,406.05,413.979,49146259
2020-10-07,419.871,429.9,413.844,425.301,43127709
2020-10-08,438.441,438.999,425.301,425.919,40421116
2020-10-09,430.131,434.589,426.459,434.001,28925656
2020-10-12,441.999,448.74,438.579,442.299,38791133
2020-10-13,443.349,448.89,436.599,446.649,34463665
2020-10-14,449.781,465.9,447.351,461.301,48045394
2020-10-15,450.309,456.57,442.5,448.881,35672354
2020-10-16,454.44,455.949,438.849,439.671,32775879
2020-10-19,446.241,447,428.871,430.83,36287843
2020-10-20,431.751,431.751,419.049,421.941,31656289
2020-10-21,422.7,432.951,421.251,422.64,32370461
2020-10-22,441.921,445.23,424.509,425.79,39993191
2020-10-23,421.839,422.886,407.379,420.63,33716980
2020-10-26,411.63,425.76,410.001,420.279,28239161
2020-10-27,423.759,430.5,420.099,424.68,22686506
2020-10-28,416.481,418.599,405.999,406.02,25451409
2020-10-29,409.959,418.059,406.461,410.829,22655308
2020-10-30,406.896,407.592,379.11,388.041,42587639
2020-11-02,393.999,406.98,392.301,400.509,29021118
2020-11-03,409.731,427.77,406.689,423.9,34351715
2020-11-04,430.62,435.399,417.099,420.981,32143057
2020-11-05,428.301,440.001,423.999,438.09,28414523
2020-11-06,436.101,436.569,424.281,429.951,21706014
2020-11-09,439.5,452.499,420.999,421.26,34833025
2020-11-10,420.09,420.09,396.03,410.361,30284224
2020-11-11,416.451,418.695,410.58,417.129,17357722
2020-11-12,415.05,423,409.521,411.759,19940500
2020-11-13,410.85,412.533,401.661,408.501,19830351
2020-11-16,408.93,412.449,404.088,408.09,26838635
2020-11-17,460.17,462,433.011,441.609,61188281
2020-11-18,448.35,495.999,443.499,486.639,78044024
2020-11-19,492,508.611,487.569,499.269,62475346
2020-11-20,497.991,502.5,489.06,489.609,32911922
2020-11-23,503.499,525.999,501.789,521.85,50260304
2020-11-24,540.399,559.989,526.2,555.381,53648494
2020-11-25,550.059,573.999,545.37,573.999,48930162
2020-11-27,581.16,598.779,578.451,585.759,37561078
2020-11-30,602.211,607.8,554.511,567.6,63003052
2020-12-01,597.591,597.849,572.049,584.76,40382832
2020-12-02,556.44,571.539,541.209,568.821,47775653
2020-12-03,590.019,598.971,582.429,593.379,42552003
2020-12-04,591.009,599.04,585.501,599.04,29401314
2020-12-07,604.92,648.786,603.051,641.76,55988303
2020-12-08,625.506,651.279,618.501,649.881,63976555
2020-12-09,653.691,654.321,588,604.479,71009195
2020-12-10,574.371,627.75,566.34,627.069,67083153
2020-12-11,615.009,624,596.799,609.99,46474974
2020-12-14,618.999,642.75,610.2,639.831,52040649
2020-12-15,643.281,646.899,623.799,633.249,45223559
2020-12-16,628.23,632.499,605.001,622.77,42095813
2020-12-17,628.191,658.821,619.5,655.899,56270144
2020-12-18,668.901,695.001,628.539,695.001,222126194
2020-12-21,666.24,668.499,646.071,649.86,58045264
2020-12-22,648,649.881,614.229,640.341,51861644
2020-12-23,632.199,651.501,622.569,645.981,33172972
2020-12-24,642.99,666.09,641.001,661.77,22865568
2020-12-28,674.511,681.399,660.801,663.69,32278561
2020-12-29,660.999,669.9,654.999,665.991,22910811
2020-12-30,672,696.6,668.361,694.779,42846021
2020-12-31,699.99,718.719,691.119,705.669,49649928
2021-01-04,719.46,744.489,717.189,729.771,48638189
2021-01-05,723.66,740.841,719.199,735.111,32245165
2021-01-06,758.49,774,749.1,755.979,44699965
2021-01-07,777.63,816.99,775.2,816.039,51498948
2021-01-08,855.999,884.49,838.389,880.02,75055528
2021-01-11,849.399,854.43,803.622,811.191,59554146
2021-01-12,831,867.999,827.34,849.441,46270720
2021-01-13,852.759,860.469,831.999,854.409,33312496
2021-01-14,843.39,863.001,838.749,845.001,31266327
2021-01-15,852,859.899,819.099,826.161,38777596
2021-01-19,837.801,849.999,833.001,844.551,25366980
2021-01-20,858.741,859.5,837.279,850.449,25665883
2021-01-21,855,855.72,841.419,844.989,20598133
2021-01-22,834.309,848.001,828.621,846.639,20066497
2021-01-25,855,900.399,838.821,880.8,41173397
2021-01-26,891.381,895.899,871.599,883.089,23131603
2021-01-27,870.351,891.501,858.66,864.159,27333955
2021-01-28,819.999,848.001,801,835.431,26378048
2021-01-29,830.001,842.409,780.099,793.53,34990754
2021-02-01,814.29,842.001,795.561,839.811,25391385
2021-02-02,844.68,880.5,842.202,872.79,24346213
2021-02-03,877.02,878.079,853.065,854.691,18343510
2021-02-04,855,856.5,833.421,849.99,15812661
2021-02-05,845.001,864.771,838.971,852.231,18566637
2021-02-08,869.67,877.77,854.751,863.421,20161719
2021-02-09,855.12,859.8,841.749,849.459,15157651
2021-02-10,843.636,844.821,800.019,804.819,36216090
2021-02-11,812.439,829.881,801.726,811.659,21622753
2021-02-12,801.261,817.329,785.331,816.12,23768313
2021-02-16,818.001,821.001,792.441,796.221,19802324
2021-02-17,779.091,799.839,762.009,798.15,26078898
2021-02-18,780.9,794.691,776.271,787.38,17957058
2021-02-19,795,796.791,777.369,781.299,18958255
2021-02-22,762.639,768.501,710.199,714.501,37269716
2021-02-23,662.13,713.61,618.999,698.841,66606882
2021-02-24,711.849,744.999,694.17,742.02,36766950
2021-02-25,726.15,737.208,670.581,682.221,39023855
2021-02-26,699.999,706.701,659.511,675.501,41089173
2021-03-01,690.111,872.001,685.05,718.431,27136239
2021-03-02,718.281,721.11,684.999,686.439,23732158
2021-03-03,687.99,700.701,651.705,653.199,30207960
2021-03-04,655.8,873.939,600,621.441,65919530
2021-03-05,626.061,627.843,539.49,597.951,89396459
2021-03-08,600.549,620.124,558.789,563.001,51786958
2021-03-09,608.181,678.09,595.209,673.581,67523328
2021-03-10,700.65,717.849,655.059,668.061,60605672
2021-03-11,699.399,702.501,677.181,699.6,36253892
2021-03-12,669.999,694.881,666.138,693.729,33583840
2021-03-15,694.089,713.181,684.039,707.94,29423479
2021-03-16,703.35,707.919,671.001,676.881,32195672
2021-03-17,656.871,703.731,651.009,701.811,40372453
2021-03-18,684.291,689.229,651.999,653.16,33369022
2021-03-19,646.599,657.231,624.621,654.87,42893978
2021-03-22,684.591,699.621,668.751,669.999,39512221
2021-03-23,675.771,677.799,657.51,662.16,30491870
2021-03-24,667.911,668.019,630.111,630.27,33795174
2021-03-25,612.999,645.501,609.501,640.389,39224850
2021-03-26,641.871,643.821,599.889,618.711,33852827
2021-03-29,615.639,616.479,596.019,611.289,28636985
2021-03-30,601.749,637.659,591.009,635.619,39432359
2021-03-31,646.62,672,641.109,667.929,33337288
2021-04-01,688.371,692.421,659.421,661.749,35298378
2021-04-05,707.709,708.159,684.699,691.05,41842767
2021-04-06,690.3,696.549,681.369,691.62,28271839
2021-04-07,687,691.38,667.839,670.971,26309433
2021-04-08,677.379,689.55,671.646,683.799,23924329
2021-04-09,677.769,680.97,669.429,677.019,21437087
2021-04-12,685.701,704.799,682.089,701.979,29135670
2021-04-13,712.701,762.999,710.661,762.321,44652808
2021-04-14,770.7,780.789,728.031,732.231,49017434
2021-04-15,743.1,743.691,721.311,738.849,27848900
2021-04-16,728.649,749.409,724.599,739.779,27979526
2021-04-19,719.601,725.4,691.8,714.63,39686226
2021-04-20,717.42,737.25,710.685,718.989,35609038
2021-04-21,704.769,744.84,698.001,744.12,31215514
2021-04-22,741.501,753.771,718.041,719.691,35590255
2021-04-23,719.799,737.361,715.461,729.399,28413889
2021-04-26,741,749.301,732.606,738.201,31038502
2021-04-27,717.96,723.999,703.35,704.739,29436995
2021-04-28,696.411,708.501,693.6,694.401,22271047
2021-04-29,699.51,702.249,668.499,677.001,28845449
2021-04-30,667.59,715.47,666.141,709.44,40758722
2021-05-03,703.8,705.999,680.499,684.9,27043143
2021-05-04,678.939,683.445,657.702,673.599,29739319
2021-05-05,681.06,685.296,667.341,670.941,21901894
2021-05-06,680.76,681.021,650.001,663.54,27784619
2021-05-07,665.799,690,660.219,672.369,23469172
2021-05-10,664.899,665.049,627.609,629.04,31392417
2021-05-11,599.241,627.099,595.599,617.199,46503896
2021-05-12,602.49,620.409,586.764,589.89,33823646
2021-05-13,601.545,606.459,559.65,571.689,44184916
2021-05-14,583.41,592.869,570.459,589.74,33370856
2021-05-17,575.553,589.731,561.201,576.831,32390360
2021-05-18,567.999,596.25,563.379,577.869,36830567
2021-05-19,552.549,566.211,546.981,563.46,39578395
2021-05-20,575.001,588.849,571.071,586.779,30821119
2021-05-21,596.109,596.679,579.999,580.881,26030595
2021-05-24,581.601,614.481,573.651,606.441,34558089
2021-05-25,607.311,613.989,595.71,604.689,28005933
2021-05-26,607.56,626.169,601.5,619.131,28639305
2021-05-27,620.241,631.131,616.209,630.849,26370593
2021-05-28,628.5,635.589,622.38,625.221,22737038
2021-06-01,627.801,633.801,620.55,623.901,18084890
2021-06-02,620.13,623.361,599.139,605.121,23302779
2021-06-03,601.8,604.551,571.221,572.841,30111893
2021-06-04,579.711,600.609,577.2,599.049,24036896
2021-06-07,591.825,609.999,582.879,605.13,22543682
2021-06-08,623.01,623.091,595.5,603.591,26053405
2021-06-09,602.169,611.79,597.63,598.779,16584566
2021-06-10,603.879,616.59,600.501,610.119,23919606
2021-06-11,610.23,612.561,601.521,609.891,16205303
2021-06-14,612.231,625.491,609.18,617.691,20423983
2021-06-15,616.689,616.791,598.23,599.361,17764145
2021-06-16,597.534,608.499,593.499,604.869,22144127
2021-06-17,601.887,621.471,601.341,616.599,22701350
2021-06-18,613.371,628.35,611.799,623.31,24560905
2021-06-21,624.48,631.389,608.88,620.829,24812741
2021-06-22,618.249,628.569,615.501,623.709,19158892
2021-06-23,632.001,657.204,630.039,656.571,31099228
2021-06-24,674.991,697.62,667.611,679.821,45982386
2021-06-25,689.58,693.81,668.7,671.871,32496707
2021-06-28,671.64,694.701,670.32,688.719,21628159
2021-06-29,684.651,687.51,675.891,680.76,17381313
2021-06-30,679.77,692.811,678.141,679.701,18924862
2021-07-01,683.919,687.99,672.801,677.919,18634522
2021-07-02,678.981,699.999,673.26,678.9,27097374
2021-07-06,681.711,684,651.399,659.58,23284450
2021-07-07,664.269,665.7,638.319,644.649,18791960
2021-07-08,628.371,654.429,620.46,652.809,22773316
2021-07-09,653.184,658.911,644.691,656.949,18140548
2021-07-12,662.199,687.24,662.16,685.701,25927042
2021-07-13,686.319,693.279,666.297,668.541,20966092
2021-07-14,670.749,678.609,652.839,653.379,21641190
2021-07-15,658.389,666.141,637.881,650.601,20209571
2021-07-16,654.681,656.7,642.201,644.22,16370970
2021-07-19,629.889,647.199,621.291,646.221,21297090
2021-07-20,651.99,662.391,640.5,660.501,15487127
2021-07-21,659.61,664.86,650.289,655.29,13953338
2021-07-22,656.442,662.169,644.601,649.26,15105727
2021-07-23,646.359,648.801,637.299,643.38,14604944
2021-07-26,650.97,668.199,647.109,657.621,25336556
2021-07-27,663.399,666.501,627.24,644.781,32813290
2021-07-28,646.995,654.969,639.399,646.98,16006596
2021-07-29,649.791,683.691,648.801,677.349,30394637
2021-07-30,671.757,697.53,669,687.201,29656411
2021-08-02,699.999,726.939,698.4,709.671,33615765
2021-08-03,719.001,722.649,701.01,709.74,21620253
2021-08-04,711,724.899,708.93,710.919,17002647
2021-08-05,716.001,720.951,711.411,714.63,12919637
2021-08-06,711.9,716.331,697.629,699.099,15623049
2021-08-09,710.169,719.031,705.129,713.76,14715349
2021-08-10,713.991,716.589,701.88,709.989,13432305
2021-08-11,712.71,715.179,704.211,707.82,9800558
2021-08-12,706.341,722.799,699.399,722.25,17681686
2021-08-13,723.711,729.9,714.339,717.171,16731467
2021-08-16,705.069,709.5,676.401,686.169,23103303
2021-08-17,672.651,674.58,648.84,665.709,23721279
2021-08-18,669.747,695.769,669.351,688.989,20349375
2021-08-19,678.21,686.55,667.59,673.47,14313486
2021-08-20,682.851,692.13,673.701,680.259,14841865
2021-08-23,685.443,712.131,680.751,706.299,20264859
2021-08-24,710.679,715.221,702.639,708.489,13083071
2021-08-25,707.031,716.97,704.001,711.201,12645562
2021-08-26,708.309,715.401,697.62,701.16,13214292
2021-08-27,705,714.999,702.099,711.921,13833763
2021-08-30,714.714,731.001,712.731,730.911,18604220
2021-08-31,732.999,740.391,726.441,735.72,20855436
2021-09-01,734.079,741.99,731.271,734.091,13204335
2021-09-02,734.499,740.97,730.539,732.39,12796739
2021-09-03,732.249,734.001,724.2,733.569,15271045
2021-09-07,740.001,760.2,739.26,752.919,20039825
2021-09-08,761.58,764.451,740.772,753.87,18793036
2021-09-09,753.411,762.099,751.629,754.86,14077731
2021-09-10,759.6,762.609,734.52,736.269,15184170
2021-09-13,740.214,744.78,708.849,743.001,22952482
2021-09-14,742.569,754.47,736.401,744.489,18524881
2021-09-15,744.999,756.861,738.36,755.829,15357685
2021-09-16,752.829,758.91,747.609,756.99,13923393
2021-09-17,757.149,761.04,750,759.489,28204176
2021-09-20,734.559,741.999,718.626,730.17,24757652
2021-09-21,734.79,744.741,730.44,739.38,16330723
2021-09-22,743.526,753.669,739.119,751.941,15126272
2021-09-23,755.001,758.199,747.921,753.639,11947527
2021-09-24,745.89,774.801,744.561,774.39,21373022
2021-09-27,773.121,798.999,769.311,791.361,28070657
2021-09-28,787.2,795.639,766.179,777.561,25381422
2021-09-29,779.799,793.5,770.679,781.311,20942877
2021-09-30,780.999,789.132,774.999,775.479,17955961
2021-10-01,778.401,780.78,763.59,775.221,17031414
2021-10-04,796.5,806.97,776.121,781.53,30483341
2021-10-05,784.797,797.31,774.201,780.591,18432625
2021-10-06,776.199,786.66,773.22,782.751,14632768
2021-10-07,785.46,804.999,783.381,793.611,19195782
2021-10-08,796.209,796.38,780.909,785.49,16738604
2021-10-11,787.65,801.24,785.499,791.94,14200322
2021-10-12,800.931,812.319,796.569,805.719,22020040
2021-10-13,810.471,815.409,805.779,811.08,14120075
2021-10-14,815.49,820.251,813.351,818.319,12247170
2021-10-15,823.737,843.21,822.351,843.03,18924567
2021-10-18,851.79,875.259,851.469,870.111,24207244
2021-10-19,877.53,877.95,862.509,864.27,17381128
2021-10-20,865.35,869.49,857.379,865.8,14032052
2021-10-21,855.999,900,855.504,894,31481454
2021-10-22,895.5,909.999,890.961,909.681,22880835
2021-10-25,950.529,1045.02,944.199,1024.86,62852099
2021-10-26,1024.689,1094.94,1001.439,1018.431,62414968
2021-10-27,1039.659,1070.88,1030.779,1037.859,38526459
2021-10-28,1068.306,1080.999,1054.2,1077.039,27213173
2021-10-29,1081.86,1115.211,1073.205,1113.999,29918417
2021-11-01,1145.001,1209.75,1118.661,1208.589,56048716
2021-11-02,1159.356,1208.589,1146,1172.001,42737797
2021-11-03,1177.329,1215.39,1152.621,1213.86,34628519
2021-11-04,1234.41,1243.491,1217.001,1229.91,25397410
2021-11-05,1227.999,1239.87,1208.001,1222.089,21628812
2021-11-08,1149.786,1197,1133.001,1162.941,33445715
2021-11-09,1173.6,1174.5,1011.519,1023.501,59105836
2021-11-10,1010.409,1078.101,987.309,1067.949,42802722
2021-11-11,1102.77,1104.969,1054.68,1063.509,22396568
2021-11-12,1047.501,1054.5,1019.199,1033.419,25573148
2021-11-15,1017.63,1031.979,978.6,1013.391,34775649
2021-11-16,1003.311,1057.2,1002.18,1054.731,26542359
2021-11-17,1063.509,1119.639,1055.499,1089.009,31445365
2021-11-18,1106.55,1112.001,1075.02,1096.38,20898930
2021-11-19,1098.87,1138.719,1092.699,1137.06,21642258
2021-11-22,1162.329,1201.95,1132.431,1156.869,33072509
2021-11-23,1167.51,1180.5,1062.699,1109.031,36171700
2021-11-24,1080.39,1132.77,1062,1116,22560238
2021-11-26,1099.47,1108.782,1080.999,1081.92,11680890
2021-11-29,1100.991,1142.67,1100.19,1136.991,19464467
2021-11-30,1144.371,1167.999,1118.001,1144.761,27092038
2021-12-01,1160.694,1172.841,1090.761,1095,22934698
2021-12-02,1099.059,1113,1056.651,1084.599,24371623
2021-12-03,1084.791,1090.575,1000.209,1014.969,30773995
2021-12-06,1001.511,1021.641,950.499,1009.011,27221037
2021-12-07,1044.201,1057.674,1026.81,1051.749,18694857
2021-12-08,1052.709,1072.38,1032.999,1068.96,13968790
2021-12-09,1060.641,1062.489,1002.36,1003.8,19812832
2021-12-10,1008.75,1020.981,982.53,1017.03,19888122
2021-12-13,1001.091,1005,951.42,966.411,26198502
2021-12-14,945,966.411,930,958.509,23602090
2021-12-15,953.211,978.75,928.251,975.99,25056410
2021-12-16,994.5,994.98,921.849,926.919,27590483
2021-12-17,914.769,960.66,909.039,932.571,33626754
2021-12-20,910.701,921.687,893.391,899.94,18826671
2021-12-21,916.869,939.501,886.119,938.529,23839305
2021-12-22,965.661,1015.659,957.051,1008.87,31211362
2021-12-23,1006.8,1072.977,997.56,1067.001,30904429
2021-12-27,1073.67,1116.999,1070.715,1093.941,23715273
2021-12-28,1109.49,1119,1078.419,1088.469,20107969
2021-12-29,1098.639,1104,1064.139,1086.189,18718015
2021-12-30,1061.331,1095.549,1053.15,1070.34,15680313
2021-12-31,1073.445,1082.001,1054.59,1056.78,13577875
2022-01-03,1147.749,1201.071,1136.04,1199.781,34895349
2022-01-04,1189.551,1208.001,1123.05,1149.591,33416086
2022-01-05,1146.651,1170.339,1081.011,1088.121,26706599
2022-01-06,1077,1088.001,1020.501,1064.7,30112158
2022-01-07,1080.369,1080.93,1010.001,1026.96,28054916
2022-01-10,999.999,1059.099,980.001,1058.121,30604959
2022-01-11,1053.669,1075.851,1038.819,1064.4,22021070
2022-01-12,1078.851,1114.839,1072.59,1106.22,27913005
2022-01-13,1109.064,1115.601,1026.54,1031.559,32403264
2022-01-14,1019.88,1052.001,1013.379,1049.61,24308137
2022-01-18,1026.606,1070.79,1016.061,1030.509,22329803
2022-01-19,1041.705,1054.671,995.001,995.649,25147496
2022-01-20,1009.731,1041.66,993.999,996.27,23496248
2022-01-21,996.339,1004.55,940.5,943.899,34472009
2022-01-24,904.761,933.513,851.469,930,50791714
2022-01-25,914.199,951.261,903.21,918.399,28865302
2022-01-26,952.431,987.69,906,937.41,34955761
2022-01-27,933.36,935.391,828.999,829.101,49036523
2022-01-28,831.561,857.499,792.009,846.351,44929650
2022-01-31,872.709,937.989,862.05,936.72,34812032
2022-02-01,935.211,943.701,905.001,931.251,24379446
2022-02-02,928.179,931.5,889.41,905.661,22264345
2022-02-03,882,936.999,880.521,891.141,26285186
2022-02-04,897.219,936.501,881.169,923.319,24541822
2022-02-07,923.79,947.769,902.709,907.341,20331488
2022-02-08,905.529,926.289,894.801,921.999,16909671
2022-02-09,935.001,946.269,920.001,932.001,17419848
2022-02-10,908.37,943.809,896.7,904.551,22042277
2022-02-11,909.63,915.96,850.701,860.001,26548623
2022-02-14,861.57,898.881,853.149,875.76,22585472
2022-02-15,900,923.001,893.376,922.431,19216514
2022-02-16,914.049,926.43,901.209,923.391,17098132
2022-02-17,913.26,918.501,874.101,876.351,18392806
2022-02-18,885.999,886.869,837.609,856.98,22833947
2022-02-22,834.129,856.734,801.099,821.529,27762734
2022-02-23,830.43,835.299,760.56,764.04,31752336
2022-02-24,700.389,802.479,699.999,800.769,45107425
2022-02-25,809.229,819.501,782.4,809.871,25355921
2022-02-28,815.01,876.861,814.707,870.429,33002289
2022-03-01,869.679,889.881,853.779,864.369,24922287
2022-03-02,872.13,886.479,844.272,879.891,24881146
2022-03-03,878.769,886.44,832.599,839.289,20541169
2022-03-04,849.099,855.651,825.162,838.29,22393287
2022-03-07,856.299,866.139,804.57,804.579,24164724
2022-03-08,795.531,849.99,782.169,824.4,26799702
2022-03-09,839.481,860.559,832.011,858.969,19727993
2022-03-10,851.451,854.451,810.36,838.299,19549548
2022-03-11,840.198,843.801,793.77,795.351,22345722
2022-03-14,780.609,800.7,756.039,766.371,23717421
2022-03-15,775.269,805.569,756.57,801.891,22280381
2022-03-16,809.001,842.001,802.26,840.231,28009607
2022-03-17,830.991,875.001,825.717,871.599,22194324
2022-03-18,874.491,907.851,867.39,905.391,33471397
2022-03-21,914.979,942.849,907.089,921.159,27327216
2022-03-22,930,997.86,921.75,993.981,35289519
2022-03-23,979.941,1040.7,976.401,999.111,40225383
2022-03-24,1009.731,1024.491,988.8,1013.919,22973626
2022-03-25,1008,1021.8,997.32,1010.64,20677182
2022-03-28,1065.099,1097.88,1053.6,1091.841,34168693
2022-03-29,1107.99,1114.77,1073.109,1099.569,24538273
2022-03-30,1091.169,1113.951,1083.999,1093.989,19955002
2022-03-31,1094.571,1103.139,1076.64,1077.6,16330919
2022-04-01,1081.149,1094.751,1066.641,1084.59,18087741
2022-04-04,1089.381,1149.909,1072.53,1145.451,27392567
2022-04-05,1136.301,1152.87,1087.299,1091.259,26691673
2022-04-06,1073.469,1079.001,1027.701,1045.761,29782845
2022-04-07,1052.391,1076.589,1021.539,1057.26,26482353
2022-04-08,1043.211,1048.44,1022.436,1025.49,18337896
2022-04-11,980.4,1008.468,974.64,975.93,19785735
2022-04-12,997.641,1021.191,976.599,986.949,21992032
2022-04-13,981.075,1026.24,973.098,1022.37,18373737
2022-04-14,999.291,1012.71,982.191,984.999,19474135
2022-04-18,989.031,1014.921,973.41,1004.289,17238407
2022-04-19,1005.06,1034.94,995.325,1028.151,16615944
2022-04-20,1029.999,1034.001,975.249,977.199,23570442
2022-04-21,1074.729,1092.219,996.414,1008.78,35138779
2022-04-22,1014.909,1034.85,993.999,1005.051,23232186
2022-04-25,978.969,1008.621,975.3,998.019,22780445
2022-04-26,995.43,999.999,875.001,876.42,45377889
2022-04-27,898.581,918,877.359,881.511,25652132
2022-04-28,899.979,900,821.7,877.509,41649509
2022-04-29,902.25,934.401,870,870.759,29377665
2022-05-02,860.769,906.36,848.031,902.94,25260457
2022-05-03,903.18,924.081,888.591,909.249,21236525
2022-05-04,903.939,955.5,885.279,952.62,27214568
2022-05-05,939.21,945.6,857.7,873.279,30839731
2022-05-06,887.001,888,843.105,865.65,24301037
2022-05-09,836.451,845.631,781.149,787.11,30270074
2022-05-10,819.309,825.36,774.249,800.04,28133877
2022-05-11,795,809.769,727.2,734.001,32408153
2022-05-12,701.001,759.66,680.001,728.001,46770954
2022-05-13,773.481,787.35,751.566,769.59,30716908
2022-05-16,767.16,769.761,719.088,724.371,28699513
2022-05-17,747.36,764.481,728.85,761.61,26745370
2022-05-18,744.519,760.5,700.809,709.809,29270604
2022-05-19,707.001,734.001,694.11,709.419,30098891
2022-05-20,713.991,721.581,633,663.9,48324435
2022-05-23,655.02,679.956,638.061,674.901,29634546
2022-05-24,653.529,653.919,620.571,628.161,29697505
2022-05-25,623.85,669.321,623.01,658.8,30713108
2022-05-26,661.419,718.671,653.661,707.73,35334448
2022-05-27,723.249,759.801,720.531,759.63,29764994
2022-05-31,773.841,778.8,734.229,758.259,33971457
2022-06-01,755.16,771.981,730.92,740.37,25749321
2022-06-02,732.471,792.63,726.201,774.999,31157706
2022-06-03,729.675,743.391,700.254,703.551,37464579
2022-06-06,733.059,734.601,703.05,714.84,28068174
2022-06-07,702,719.991,690.279,716.661,24269534
2022-06-08,720.261,749.889,717.531,725.601,25403540
2022-06-09,748.02,766.641,717.981,719.121,32163769
2022-06-10,705.471,718.5,683.739,696.69,32696966
2022-06-13,669.501,679.899,644.049,647.211,34255754
2022-06-14,654.861,678.99,635.211,662.67,32662932
2022-06-15,662.751,706.989,654.45,699,39710645
2022-06-16,668.211,675.501,626.079,639.3,35796900
2022-06-17,640.299,662.907,639.591,650.28,30880590
2022-06-21,673.809,730.731,672.999,711.111,40930985
2022-06-22,703.509,740.499,701.481,708.261,33842420
2022-06-23,713.715,717.951,685.911,705.21,34734226
2022-06-24,712.404,738.201,708.261,737.121,31923565
2022-06-27,748.101,756.21,727.698,734.76,29726104
2022-06-28,733.449,749.91,697.029,697.989,30222167
2022-06-29,691.5,693.519,666.819,685.47,27632418
2022-06-30,673.53,688.371,656.589,673.419,31533484
2022-07-01,681,690.69,666.36,681.789,24820148
2022-07-05,669,699.441,648.501,699.201,28259704
2022-07-06,692.34,703.689,681.561,695.199,23951210
2022-07-07,701.76,736.086,696.63,733.629,27310230
2022-07-08,726.999,764.94,723.483,752.289,33951362
2022-07-11,756.309,759.189,700.881,703.029,33169740
2022-07-12,710.541,719.319,685.104,699.21,29310320
2022-07-13,676.5,726.18,675.099,711.12,32651499
2022-07-14,704.691,715.959,687.999,714.939,26185833
2022-07-15,720,730.869,710.67,720.201,23227673
2022-07-18,734.811,751.551,718.809,721.641,27512476
2022-07-19,735,741.42,710.931,736.59,26963370
2022-07-20,740.349,751.989,730.449,742.5,29621363
2022-07-21,765.321,819.801,764.601,815.121,47344059
2022-07-22,828.66,842.361,812.139,816.729,34490949
2022-07-25,816.651,822.441,802.2,805.299,21357835
2022-07-26,799.539,801.93,768.789,776.58,22273586
2022-07-27,791.43,827.778,785.37,824.46,29369996
2022-07-28,840.201,849.9,818.4,842.7,28240997
2022-07-29,842.1,894.96,837.3,891.45,31770961
2022-08-01,903.825,935.634,885,891.831,39014296
2022-08-02,882.009,923.499,878.001,901.761,31859156
2022-08-03,915,928.65,903.45,922.191,26697035
2022-08-04,933,940.821,915,925.899,24085439
2022-08-05,908.01,913.821,856.635,864.51,37724299
2022-08-08,885,915.6,867.255,871.269,33121758
2022-08-09,870.879,877.191,838.059,849.999,28748227
2022-08-10,891.201,892.53,850.11,883.071,31639624
2022-08-11,889.539,894.711,857.499,859.89,23385015
2022-08-12,868.245,900.48,855.099,900.09,26552429
2022-08-15,905.361,939.399,903.69,927.96,29786389
2022-08-16,935.001,944.001,908.649,919.689,29378774
2022-08-17,910.191,928.971,900.099,911.991,22921990
2022-08-18,918,919.5,905.559,908.61,15833512
2022-08-19,897,901.08,877.5,890.001,20465129
2022-08-22,875.739,877.2,858.891,869.739,18614449
2022-08-23,874.359,896.481,863.769,889.359,21328348
2022-08-24,892.689,910.941,889.5,891.291,19086572
2022-08-25,302.36,302.96,291.6,296.07,53230013
2022-08-26,297.43,302,287.47,288.09,57163947
2022-08-29,282.83,287.74,280.7,284.82,41864742
2022-08-30,287.865,288.48,272.65,277.7,50541759
2022-08-31,280.62,281.25,271.81,275.61,52107337
2022-09-01,272.575,277.58,266.15,277.16,54287024
2022-09-02,281.065,282.35,269.08,270.21,50890090
2022-09-06,272.675,275.99,265.74,274.42,55859984
2022-09-07,273.1,283.84,272.27,283.7,50028916
2022-09-08,281.3,289.5,279.76,289.26,53713124
2022-09-09,291.67,299.85,291.245,299.68,54470854
2022-09-12,300.72,305.49,300.4,304.42,48674604
2022-09-13,292.9,297.3999,290.4,292.13,68229619
2022-09-14,292.13,306,291.64,302.61,72628653
2022-09-15,301.825,309.12,300.7247,303.75,64795523
2022-09-16,299.605,303.71,295.6005,303.35,87087786
2022-09-19,300.09,309.84,297.8,309.07,60231156
2022-09-20,306.91,313.33,305.58,308.73,61642783
2022-09-21,308.29,313.8,300.63,300.8,62555656
2022-09-22,299.86,301.29,285.82,288.59,70545413
2022-09-23,283.09,284.5,272.82,275.33,63748362
2022-09-26,271.83,284.09,270.31,276.01,58076913
2022-09-27,283.84,288.67,277.51,282.94,61925185
2022-09-28,283.08,289,277.57,287.81,54664809
2022-09-29,282.76,283.65,265.78,268.21,77620642
2022-09-30,266.145,275.57,262.47,265.25,67726598
2022-10-03,254.5,255.16,241.01,242.4,98363541
2022-10-04,250.53,257.5,242.01,249.44,109578535
2022-10-05,245.01,246.6697,233.27,240.81,86982673
2022-10-06,239.44,244.58,235.35,238.13,69298437
2022-10-07,233.935,234.5715,222.02,223.07,83916800
2022-10-10,223.93,226.99,218.3582,222.96,67925018
2022-10-11,220.945,225.75,215,216.5,77013202
2022-10-12,215.33,219.2999,211.51,217.24,66860699
2022-10-13,208.3,222.99,206.22,221.72,91483045
2022-10-14,224.01,226.26,204.16,204.99,94124511
2022-10-17,210.04,221.86,209.45,219.35,79428810
2022-10-18,229.5,229.82,217.25,220.19,75891905
2022-10-19,219.8,222.93,217.78,222.04,66571479
2022-10-20,208.28,215.55,202,207.28,117798062
2022-10-21,206.415,214.66,203.8,214.44,75713754
2022-10-24,205.82,213.5,198.5863,211.25,100446765
2022-10-25,210.1,224.3498,210,222.415,96507870
2022-10-26,219.4,230.6,218.2,224.64,85327078
2022-10-27,229.77,233.81,222.85,225.09,61638824
2022-10-28,225.4,228.86,216.35,228.52,69152386
2022-10-31,226.19,229.85,221.94,227.54,61554341
2022-11-01,234.05,237.3951,227.28,227.82,62688822
2022-11-02,226.04,227.8699,214.82,214.98,63070293
2022-11-03,211.36,221.2,210.14,215.31,56538848
2022-11-04,222.6,223.8,203.08,207.47,98622212
2022-11-07,208.65,208.9,196.66,197.08,93916520
2022-11-08,194.02,195.2,186.75,191.3,128803404
2022-11-09,190.775,195.89,177.12,177.59,127062659
2022-11-10,189.9,191,180.03,190.72,132703015
2022-11-11,186,196.52,182.59,195.97,114403575
2022-11-14,192.77,195.73,186.34,190.95,92226649
2022-11-15,195.88,200.8237,192.06,194.42,91293785
2022-11-16,191.51,192.57,185.66,186.92,66567599
2022-11-17,183.96,186.16,180.9,183.17,64335970
2022-11-18,185.05,185.19,176.55,180.19,76048866
2022-11-21,175.85,176.77,167.54,167.87,92882712
2022-11-22,168.63,170.92,166.185,169.91,78452327
2022-11-23,173.57,183.62,172.5,183.2,109536709
2022-11-25,185.06,185.2,180.63,182.86,50672739
2022-11-28,179.96,188.5,179,182.92,93038148
2022-11-29,184.99,186.38,178.75,180.83,83357111
2022-11-30,182.43,194.76,180.6301,194.7,109186404
2022-12-01,197.08,198.92,191.8,194.7,80046213
2022-12-02,191.78,196.25,191.11,194.86,73645922
2022-12-05,189.44,191.27,180.55,182.45,93122667
2022-12-06,181.215,183.65,175.33,179.82,92150823
2022-12-07,175.03,179.38,172.218,174.04,84213284
2022-12-08,172.2,175.2,169.06,173.44,97624491
2022-12-09,173.84,182.5,173.36,179.05,104872336
2022-12-12,176.1,177.37,167.52,167.82,109794471
2022-12-13,174.87,175.05,156.91,160.95,175862722
2022-12-14,159.25,161.62,155.31,156.8,140682338
2022-12-15,153.44,160.9299,153.28,157.67,122334459
2022-12-16,159.635,160.99,150.04,150.23,139032175
2022-12-19,154,155.25,145.82,149.87,139390634
2022-12-20,146.05,148.47,137.66,137.8,159563267
2022-12-21,139.335,141.26,135.89,137.57,145417412
2022-12-22,136,136.63,122.26,125.35,210090250
2022-12-23,126.37,128.6173,121.02,123.15,166989688
2022-12-27,117.495,119.67,108.76,109.1,208643444
2022-12-28,110.35,116.27,108.24,112.71,221070537
2022-12-29,120.385,123.57,117.495,121.82,221923313
2022-12-30,119.95,124.48,119.75,123.18,157777339
2023-01-03,118.47,118.8,104.64,108.1,231402818
2023-01-04,109.11,114.59,107.52,113.64,180388976
2023-01-05,110.51,111.75,107.1601,110.34,157986324
2023-01-06,103,114.39,101.81,113.06,220911051
2023-01-09,118.96,123.52,117.11,119.77,190283951
2023-01-10,121.07,122.76,114.92,118.85,167642485
2023-01-11,122.09,125.95,120.51,123.22,183810771
2023-01-12,122.56,124.1311,117,123.56,169400913
2023-01-13,116.55,122.63,115.6,122.4,180714119
2023-01-17,125.695,131.7,125.02,131.49,186476985
2023-01-18,136.555,136.68,127.01,128.78,195680318
2023-01-19,127.26,129.99,124.3082,127.17,170291880
2023-01-20,128.68,133.51,127.3466,133.42,138858136
2023-01-23,135.87,145.3793,134.27,143.75,203119211
2023-01-24,143,146.5,141.1,143.89,158699056
2023-01-25,141.905,146.41,138.07,144.43,192734347
2023-01-26,159.965,161.42,154.76,160.27,234815090
2023-01-27,162.43,180.68,161.17,177.9,306590613
2023-01-30,178.05,179.77,166.5,166.66,230878807
2023-01-31,164.57,174.3,162.78,173.22,196813541
2023-02-01,173.89,183.805,169.93,181.41,213806323
2023-02-02,187.325,196.7501,182.61,188.27,217448287
2023-02-03,183.95,199,183.69,189.98,232662023
2023-02-06,193.01,198.17,189.92,194.76,186188131
2023-02-07,196.43,197.5,189.55,196.81,186010325
2023-02-08,196.1,203,194.31,201.29,180673644
2023-02-09,207.775,214,204.77,207.32,215431442
2023-02-10,202.225,206.2,192.89,196.89,204754129
2023-02-13,194.415,196.3,187.61,194.64,172475452
2023-02-14,191.94,209.82,189.44,209.25,216455708
2023-02-15,211.755,214.66,206.11,214.24,182108581
2023-02-16,210.78,217.65,201.84,202.04,229586538
2023-02-17,199.985,208.44,197.5,208.31,213738549
2023-02-21,204.99,209.71,197.22,197.37,180018588
2023-02-22,197.93,201.99,191.78,200.86,191828457
2023-02-23,203.91,205.14,196.33,202.07,146359950
2023-02-24,196.325,197.6695,192.8,196.88,142228105
2023-02-27,202.03,209.42,201.26,207.63,161028315
2023-02-28,210.59,211.23,203.75,205.71,153144912
2023-03-01,206.21,207.2,198.52,202.77,156852790
2023-03-02,186.74,193.7499,186.01,190.9,181979154
2023-03-03,194.795,200.48,192.88,197.79,154193277
2023-03-06,198.54,198.6,192.3,193.81,128100106
2023-03-07,191.38,194.2,186.1,187.71,148125790
2023-03-08,185.04,186.5,180,182,151897763
2023-03-09,180.25,185.18,172.5124,172.92,170023794
2023-03-10,175.13,178.29,168.44,173.44,191488872
2023-03-13,167.455,177.35,163.91,174.48,167790256
2023-03-14,177.31,183.8,177.1401,183.26,143717897
2023-03-15,180.8,182.34,176.03,180.45,145995583
2023-03-16,180.365,185.81,178.84,184.13,121374453
2023-03-17,184.515,186.2199,177.33,180.13,133197140
2023-03-20,178.08,186.44,176.35,183.25,129684359
2023-03-21,188.28,198,188.04,197.58,153391444
2023-03-22,199.3,200.66,190.95,191.15,150376373
2023-03-23,195.26,199.31,188.65,192.22,144193876
2023-03-24,191.65,192.36,187.15,190.41,116531584
2023-03-27,194.415,197.39,189.94,191.81,120851587
2023-03-28,192,192.35,185.43,189.19,98654635
2023-03-29,193.13,195.29,189.44,193.88,123660026
